ambito,valor_2021,valor_2023
EI1039,3.875,3.9214285714285717
EI1048,4.022857142857143,4.122448979591836
Proyecto,4.664,4.514285714285714
Trabajo colaborativo,4.16,3.9523809523809526
